-- phpMyAdmin SQL Dump
-- version 5.2.1
-- https://www.phpmyadmin.net/
--
-- Host: 127.0.0.1
-- Generation Time: Jul 25, 2024 at 09:49 PM
-- Server version: 10.4.32-MariaDB
-- PHP Version: 8.2.12

SET SQL_MODE = "NO_AUTO_VALUE_ON_ZERO";
START TRANSACTION;
SET time_zone = "+00:00";


/*!40101 SET @OLD_CHARACTER_SET_CLIENT=@@CHARACTER_SET_CLIENT */;
/*!40101 SET @OLD_CHARACTER_SET_RESULTS=@@CHARACTER_SET_RESULTS */;
/*!40101 SET @OLD_COLLATION_CONNECTION=@@COLLATION_CONNECTION */;
/*!40101 SET NAMES utf8mb4 */;

--
-- Database: `letsrentcar`
--

-- --------------------------------------------------------

--
-- Table structure for table `booking`
--

CREATE TABLE `booking` (
  `id_booking` int(11) NOT NULL,
  `kode_booking` varchar(255) NOT NULL,
  `id_login` int(11) NOT NULL,
  `id_mobil` int(11) NOT NULL,
  `ktp` varchar(255) NOT NULL,
  `nama` varchar(255) NOT NULL,
  `alamat` varchar(255) NOT NULL,
  `no_tlp` varchar(15) NOT NULL,
  `tanggal` varchar(255) NOT NULL,
  `lama_sewa` int(11) NOT NULL,
  `total_harga` int(11) NOT NULL,
  `konfirmasi_pembayaran` varchar(255) NOT NULL,
  `tgl_input` varchar(255) NOT NULL
) ENGINE=InnoDB DEFAULT CHARSET=latin1 COLLATE=latin1_swedish_ci;

--
-- Dumping data for table `booking`
--

INSERT INTO `booking` (`id_booking`, `kode_booking`, `id_login`, `id_mobil`, `ktp`, `nama`, `alamat`, `no_tlp`, `tanggal`, `lama_sewa`, `total_harga`, `konfirmasi_pembayaran`, `tgl_input`) VALUES
(21, '1721656845', 6, 9, '45645564654', 'Syahrizal Fauzan', 'Jl.Sekeloa No.61', '08455454678', '2024-07-23', 2, 2000774, 'Sedang di proses', '2024-07-22'),
(22, '1721656973', 7, 8, '45412132165', 'caca', 'jl.gagak No.44', '0845545465', '2024-07-22', 1, 500376, 'Belum Bayar', '2024-07-22'),
(23, '1721812046', 6, 12, '45645564654', 'Syahrizal Fauzan', 'Jl.Sekeloa No.61', '0845545465', '2024-07-25', 1, 1000773, 'Sedang di proses', '2024-07-24'),
(24, '1721821633', 6, 12, '45645564654', 'Syahrizal Fauzan', 'Jl.Sekeloa No.61', '08455454678', '2024-07-24', 1, 1000451, 'Belum Bayar', '2024-07-24'),
(25, '1721934897', 6, 12, '45645564654', 'Syahrizal Fauzan', 'Jl.Sekeloa No.61', '0845545465', '2024-07-26', 1, 1000602, 'Sedang di proses', '2024-07-25'),
(26, '1721935405', 6, 9, '45412132165', 'Syahrizal Fauzan', 'Jl.Sekeloa No.61', '08455454678', '2024-07-26', 1, 1000356, 'Pembayaran diterima', '2024-07-25');

-- --------------------------------------------------------

--
-- Table structure for table `infoweb`
--

CREATE TABLE `infoweb` (
  `id` int(11) NOT NULL,
  `nama_rental` varchar(255) DEFAULT NULL,
  `telp` varchar(15) DEFAULT NULL,
  `alamat` text DEFAULT NULL,
  `email` varchar(255) DEFAULT NULL,
  `no_rek` text DEFAULT NULL,
  `updated_at` timestamp NOT NULL DEFAULT current_timestamp()
) ENGINE=InnoDB DEFAULT CHARSET=latin1 COLLATE=latin1_swedish_ci;

--
-- Dumping data for table `infoweb`
--

INSERT INTO `infoweb` (`id`, `nama_rental`, `telp`, `alamat`, `email`, `no_rek`, `updated_at`) VALUES
(1, 'Lets RentCar', '082118443969', 'Jl.Dipatiukur No.21 Bandung.', 'LetsRentCar@gmail.com', 'BCA A/N GUSFAUZAN 123123213123', '2022-01-24 04:57:29');

-- --------------------------------------------------------

--
-- Table structure for table `mobil`
--

CREATE TABLE `mobil` (
  `id_mobil` int(11) NOT NULL,
  `no_plat` varchar(255) NOT NULL,
  `merk` varchar(255) NOT NULL,
  `harga` int(255) NOT NULL,
  `deskripsi` varchar(255) NOT NULL,
  `status` varchar(255) NOT NULL,
  `gambar` text NOT NULL
) ENGINE=InnoDB DEFAULT CHARSET=latin1 COLLATE=latin1_swedish_ci;

--
-- Dumping data for table `mobil`
--

INSERT INTO `mobil` (`id_mobil`, `no_plat`, `merk`, `harga`, `deskripsi`, `status`, `gambar`) VALUES
(8, 'D 1012 AB', 'BMW', 500000, 'Bmw Seri 3 2022', 'Tersedia', '1720731750.webp'),
(9, 'D 105 ZX', 'Mitshubitshi', 1000000, 'Pajero Sport 4X4 2022', 'Tersedia', '1720814559.webp'),
(11, 'D 2 JZ', 'Toyota', 1000000, 'GR Supra 2022', 'Tersedia', '1720814838.jpg'),
(12, 'D 35 AAA', 'Nissan', 1000000, 'GTR R35 SE 2022', 'Tersedia', '1720815038.webp'),
(14, 'D 199 XXX', 'Mazda', 1000000, 'RX-7 Rotary Engine', 'Tersedia', '1720815783.jpg');

-- --------------------------------------------------------

--
-- Table structure for table `pembayaran`
--

CREATE TABLE `pembayaran` (
  `id_pembayaran` int(11) NOT NULL,
  `id_booking` int(255) NOT NULL,
  `no_rekening` int(255) NOT NULL,
  `nama_rekening` varchar(255) NOT NULL,
  `nominal` int(255) NOT NULL,
  `tanggal` varchar(255) NOT NULL
) ENGINE=InnoDB DEFAULT CHARSET=latin1 COLLATE=latin1_swedish_ci;

--
-- Dumping data for table `pembayaran`
--

INSERT INTO `pembayaran` (`id_pembayaran`, `id_booking`, `no_rekening`, `nama_rekening`, `nominal`, `tanggal`) VALUES
(8, 7, 546546521, 'Syahrizal Fauzan', 1000, '2024-07-13'),
(9, 8, 546546521, 'Komeng', 2500, '2024-07-13'),
(10, 9, 546546521, 'Syahrizal Fauzan', 2500, '2024-07-13'),
(11, 10, 546546521, 'Syahrizal Fauzan', 1, '2024-07-13'),
(12, 12, 546546521, 'Syahrizal Fauzan', 10006000, '2024-07-17'),
(13, 13, 546546521, 'Komeng', 1, '2024-07-18'),
(14, 14, 546546521, 'Syahrizal Fauzan', 2500, '2024-07-21'),
(15, 16, 546546521, 'Syahrizal Fauzan', 10006000, '2024-07-21'),
(16, 17, 546546521, 'Syahrizal Fauzan', 10006000, '2024-07-21'),
(17, 20, 546546521, 'caca', 1, '2024-07-21'),
(18, 21, 1465465211, 'Syahrizal Fauzan', 2000774, '2024-07-22'),
(19, 23, 546546521, 'Syahrizal Fauzan', 10006000, '2024-07-24'),
(20, 25, 1465465211, 'Syahrizal Fauzan', 10006000, '2024-07-26'),
(21, 26, 1465465211, 'Syahrizal Fauzan', 10006000, '2024-07-26');

-- --------------------------------------------------------

--
-- Table structure for table `user`
--

CREATE TABLE `user` (
  `id_login` int(11) NOT NULL,
  `nama_pengguna` varchar(255) NOT NULL,
  `username` varchar(255) NOT NULL,
  `password` varchar(255) NOT NULL,
  `level` varchar(255) NOT NULL
) ENGINE=InnoDB DEFAULT CHARSET=latin1 COLLATE=latin1_swedish_ci;

--
-- Dumping data for table `user`
--

INSERT INTO `user` (`id_login`, `nama_pengguna`, `username`, `password`, `level`) VALUES
(1, 'ADMIN', 'admin', 'fe01ce2a7fbac8fafaed7c982a04e229', 'admin'),
(6, 'Syahrizal Fauzan', 'demo', 'fe01ce2a7fbac8fafaed7c982a04e229', 'pengguna'),
(7, 'caca', '123', '202cb962ac59075b964b07152d234b70', 'pengguna');

--
-- Indexes for dumped tables
--

--
-- Indexes for table `booking`
--
ALTER TABLE `booking`
  ADD PRIMARY KEY (`id_booking`);

--
-- Indexes for table `mobil`
--
ALTER TABLE `mobil`
  ADD PRIMARY KEY (`id_mobil`);

--
-- Indexes for table `pembayaran`
--
ALTER TABLE `pembayaran`
  ADD PRIMARY KEY (`id_pembayaran`);

--
-- Indexes for table `user`
--
ALTER TABLE `user`
  ADD PRIMARY KEY (`id_login`);

--
-- AUTO_INCREMENT for dumped tables
--

--
-- AUTO_INCREMENT for table `booking`
--
ALTER TABLE `booking`
  MODIFY `id_booking` int(11) NOT NULL AUTO_INCREMENT, AUTO_INCREMENT=27;

--
-- AUTO_INCREMENT for table `mobil`
--
ALTER TABLE `mobil`
  MODIFY `id_mobil` int(11) NOT NULL AUTO_INCREMENT, AUTO_INCREMENT=19;

--
-- AUTO_INCREMENT for table `pembayaran`
--
ALTER TABLE `pembayaran`
  MODIFY `id_pembayaran` int(11) NOT NULL AUTO_INCREMENT, AUTO_INCREMENT=22;

--
-- AUTO_INCREMENT for table `user`
--
ALTER TABLE `user`
  MODIFY `id_login` int(11) NOT NULL AUTO_INCREMENT, AUTO_INCREMENT=8;
COMMIT;

/*!40101 SET CHARACTER_SET_CLIENT=@OLD_CHARACTER_SET_CLIENT */;
/*!40101 SET CHARACTER_SET_RESULTS=@OLD_CHARACTER_SET_RESULTS */;
/*!40101 SET COLLATION_CONNECTION=@OLD_COLLATION_CONNECTION */;
